{
    "field_tags": [ 
        {
            "id": 0,
            "x": 0,
            "y": 0
        },
        {
            "id": 1,
            "x": 6.8333333,
            "y": 0
        }, 
        {
            "id": 2,
            "x": 0,
            "y": 9.3333333
        },
        {
            "id": 3,
            "x": 6.8333333,
            "y": 9.3333333
        }
    ]
}
